current,mag_field
0.16,0.0006770268503139484
0.21,0.0008885977410370574
0.25,0.0010578544536155446
0.29,0.0012271111661940315
0.33,0.0013963678787725189
0.37,0.001565624591351006
0.42,0.0017771954820741149
0.46,0.001946452194652602
0.5,0.0021157089072310893
0.54,0.0022849656198095764
0.58,0.002454222332388063
0.63,0.0026657932231111724
0.67,0.0028350499356896595
0.71,0.003004306648268146
